{
    "batchName": "",
    "batchTime": 0,
    "boardConf": "",
    "boardCustom": "",
    "boardName": "BW1098OBC",
    "boardOptions": 0,
    "boardRev": "R0M0E0",
    "cameraData": [
        [
            0,
            {
                "cameraType": 0,
                "distortionCoeff": [
                    -0.8716395497322083,
                    9.412973403930664,
                    0.0010530451545491815,
                    -0.0014380570501089096,
                    93.48772430419922,
                    -1.168765664100647,
                    11.22358512878418,
                    89.00077819824219,
                    0.0,
                    0.0,
                    0.0,
                    0.0,
                    0.0,
                    0.0
                ],
                "extrinsics": {
                    "rotationMatrix": [],
                    "specTranslation": {
                        "x": 0.0,
                        "y": 0.0,
                        "z": 0.0
                    },
                    "toCameraSocket": -1,
                    "translation": {
                        "x": 0.0,
                        "y": 0.0,
                        "z": 0.0
                    }
                },
                "height": 1080,
                "intrinsicMatrix": [
                    [
                        1474.8221435546875,
                        0.0,
                        953.36865234375
                    ],
                    [
                        0.0,
                        1472.9561767578125,
                        538.3200073242188
                    ],
                    [
                        0.0,
                        0.0,
                        1.0
                    ]
                ],
                "lensPosition": 135,
                "specHfovDeg": 68.7938003540039,
                "width": 1920
            }
        ],
        [
            1,
            {
                "cameraType": 0,
                "distortionCoeff": [
                    -4.673064231872559,
                    15.251912117004395,
                    -9.76471369540377e-07,
                    4.802832336281426e-05,
                    -14.669659614562988,
                    -4.7344818115234375,
                    15.474466323852539,
                    -14.878355026245117,
                    0.0,
                    0.0,
                    0.0,
                    0.0,
                    0.0,
                    0.0
                ],
                "extrinsics": {
                    "rotationMatrix": [
                        [
                            0.9997811913490295,
                            -0.020439481362700462,
                            0.004447149578481913
                        ],
                        [
                            0.020450526848435402,
                            0.9997878670692444,
                            -0.0024525776971131563
                        ],
                        [
                            -0.004396076779812574,
                            0.002542987698689103,
                            0.9999871253967285
                        ]
                    ],
                    "specTranslation": {
                        "x": -7.500000476837158,
                        "y": 0.0,
                        "z": 0.0
                    },
                    "toCameraSocket": 2,
                    "translation": {
                        "x": -7.463521957397461,
                        "y": -0.19369736313819885,
                        "z": -0.09649140387773514
                    }
                },
                "height": 800,
                "intrinsicMatrix": [
                    [
                        847.4096069335938,
                        0.0,
                        634.8150024414063
                    ],
                    [
                        0.0,
                        847.6944580078125,
                        395.2109375
                    ],
                    [
                        0.0,
                        0.0,
                        1.0
                    ]
                ],
                "lensPosition": 0,
                "specHfovDeg": 71.86000061035156,
                "width": 1280
            }
        ],
        [
            2,
            {
                "cameraType": 0,
                "distortionCoeff": [
                    -5.7204437255859375,
                    18.932872772216797,
                    0.0004741160664707422,
                    -0.0018725598929449916,
                    -21.053905487060547,
                    -5.766541957855225,
                    19.120500564575195,
                    -21.242643356323242,
                    0.0,
                    0.0,
                    0.0,
                    0.0,
                    0.0,
                    0.0
                ],
                "extrinsics": {
                    "rotationMatrix": [
                        [
                            0.9999359250068665,
                            0.011311253532767296,
                            0.00041404549847356975
                        ],
                        [
                            -0.011307832784950733,
                            0.9999079704284668,
                            -0.007497874088585377
                        ],
                        [
                            -0.0004988177679479122,
                            0.007492711767554283,
                            0.9999718070030212
                        ]
                    ],
                    "specTranslation": {
                        "x": 3.750000238418579,
                        "y": 0.0,
                        "z": 0.0
                    },
                    "toCameraSocket": 0,
                    "translation": {
                        "x": 3.742488145828247,
                        "y": 0.028806660324335098,
                        "z": 0.05830686539411545
                    }
                },
                "height": 800,
                "intrinsicMatrix": [
                    [
                        853.1146240234375,
                        0.0,
                        634.2605590820313
                    ],
                    [
                        0.0,
                        853.741943359375,
                        409.1360778808594
                    ],
                    [
                        0.0,
                        0.0,
                        1.0
                    ]
                ],
                "lensPosition": 0,
                "specHfovDeg": 71.86000061035156,
                "width": 1280
            }
        ]
    ],
    "deviceName": "",
    "hardwareConf": "",
    "housingExtrinsics": {
        "rotationMatrix": [],
        "specTranslation": {
            "x": 0.0,
            "y": 0.0,
            "z": 0.0
        },
        "toCameraSocket": -1,
        "translation": {
            "x": 0.0,
            "y": 0.0,
            "z": 0.0
        }
    },
    "imuExtrinsics": {
        "rotationMatrix": [],
        "specTranslation": {
            "x": 0.0,
            "y": 0.0,
            "z": 0.0
        },
        "toCameraSocket": -1,
        "translation": {
            "x": 0.0,
            "y": 0.0,
            "z": 0.0
        }
    },
    "miscellaneousData": [],
    "productName": "",
    "stereoEnableDistortionCorrection": false,
    "stereoRectificationData": {
        "leftCameraSocket": 1,